<?xml version="1.0" encoding="UTF-8"?>
<station>
	<wbanno></wbanno>
	<longitude></longitude>
	<latitude></latitude>
	<set>
		<utc_d></utc_d>
		<utc_t></utc_t>
		<dl_vn></dl_vn>
		<temp>
			<avg></avg>
			<hr></hr>
			<max></max>
			<min></min>
		</temp>
		<solar>
			<avg flag="">
			</avg>
			<max flag="">
			</max>
			<min flag="">
			</min>
		</solar>
		<sur type="">
			<avg flag="">
			</avg>
			<max flag="">
			</max>
			<min flag="">
			</min>
		</sur>
		<rh flag="">
		</rh>
		<soil>
			<m_50></m_50>
			<m_100></m_100>
			<t_5></t_5>
			<t_10></t_10>
			<t_20></t_20>
			<t_50></t_50>
			<t_100></t_100>
		</soil>
	</set>
</station>
